
  [
    {
        "id":"1", "FullName":"hany Rafaa", "Phone":"010211654655", "password":"123456","Type":"Super Admin"
    },
    {
        "id":"3", "FullName":"sdas Rafaa", "Phone":"010211654655", "password":"123456","Type":" Admin"
    },{
        "id":"4", "FullName":"hwrwaany hrgds", "Phone":"011324234", "password":"123456","Type":"Super Admin"
    },{
        "id":"5", "FullName":"rqD Rafaa", "Phone":"010211654655", "password":"123456","Type":"Super Admin"
    },{
        "id":"6", "FullName":"LUYJ U566R", "Phone":"010211654655", "password":"123456","Type":" Admin"
    }
  ]
