
  [
    {
    "id": 1474,
    "CommentText": "Facere et neque dolorem eaque. Ut quis atque ut sint voluptate ea. Aspernatur modi aliquam aut molestias reprehenderit magni.",
    "CommentFlag": "0",
    "CommentPersonId": 165,
    "PersonId": 1,
    "created_at": "2022-11-08T13:07:04.000000Z",
    "updated_at": "2022-11-08T13:07:04.000000Z"
  },{
    "id": 1474,
    "CommentText": "Facere et neque dolorem eaque. Ut quis atque ut sint voluptate ea. Aspernatur modi aliquam aut molestias reprehenderit magni.",
    "CommentFlag": "0",
    "CommentPersonId": 165,
    "PersonId": 1,
    "created_at": "2022-11-08T13:07:04.000000Z",
    "updated_at": "2022-11-08T13:07:04.000000Z"
  },{
    "id": 1474,
    "CommentText": "Facere et neque dolorem eaque. Ut quis atque ut sint voluptate ea. Aspernatur modi aliquam aut molestias reprehenderit magni.",
    "CommentFlag": "0",
    "CommentPersonId": 165,
    "PersonId": 1,
    "created_at": "2022-11-08T13:07:04.000000Z",
    "updated_at": "2022-11-08T13:07:04.000000Z"
  },{
    "id": 1474,
    "CommentText": "Facere et neque dolorem eaque. Ut quis atque ut sint voluptate ea. Aspernatur modi aliquam aut molestias reprehenderit magni.",
    "CommentFlag": "1",
    "CommentPersonId": 165,
    "PersonId": 1,
    "created_at": "2022-11-08T13:07:04.000000Z",
    "updated_at": "2022-11-08T13:07:04.000000Z"
  },{
    "id": 1474,
    "CommentText": "Facere et neque dolorem eaque. Ut quis atque ut sint voluptate ea. Aspernatur modi aliquam aut molestias reprehenderit magni.",
    "CommentFlag": "1",
    "CommentPersonId": 165,
    "PersonId": 1,
    "created_at": "2022-11-08T13:07:04.000000Z",
    "updated_at": "2022-11-08T13:07:04.000000Z"
  }
  ]
