
  [
    {
        "id":"1", "FullName":"hany Rafaa", "Phone":"010211654655", "password":"123456", "governorate":"Assiut", "city":"Sahel sliem", "spec":"Medical", "Job":"Doctor"
    },
    {
        "id":"2", "FullName":"hany vkjsbh", "Phone":"01054353425", "password":"123456", "governorate":"Assiut", "city":"Sahel sliem", "spec":"sdas", "Job":"sdfas"
    },{
        "id":"3", "FullName":"sdas Rafaa", "Phone":"010211654655", "password":"123456", "governorate":"Assiut", "city":"Sahel sliem", "spec":"hdgs", "Job":"hstdgs"
    },{
        "id":"4", "FullName":"hwrwaany hrgds", "Phone":"011324234", "password":"123456", "governorate":"Assiut", "city":"Sahel sliem", "spec":"sdas", "Job":"jfghg"
    },{
        "id":"5", "FullName":"rqD Rafaa", "Phone":"010211654655", "password":"123456", "governorate":"Assiut", "city":"Sahel sliem", "spec":"Medical", "Job":"Doctor"
    },{
        "id":"6", "FullName":"LUYJ U566R", "Phone":"010211654655", "password":"123456", "governorate":"Assiut", "city":"Sahel sliem", "spec":"hdgs", "Job":"kygjd"
    }
  ]
